team,color_1,color_2,color_3
Abilene Christian Wildcats,#4e2683,#c5c6c8,
Academy of Art Urban Knights,#cc0000,#000000,
Adams State Grizzlies,#124734,#231f20,
Adamson Falcons,#1d3e79,,
Adelphi Panthers,#4f2c1d,#ffb500,
Adrian Bulldogs,#000000,#ffc72c,
Agnes Scott Scotties,#5f249f,,
Air Force Falcons,#003594,#b2b4b2,
Akron Zips,#041e42,#a89968,
Alabama A&M Bulldogs,#660000,#000000,
Alabama Crimson Tide,#b30838,,
Alabama State Hornets,#000000,#c99700,
Alabama–Huntsville Chargers,#003da5,#29282a,
Alaska Anchorage Seawolves,#00583d,#ffc425,
Alaska Nanooks,#1e59ae,#fcd006,
Albany Great Danes,#46166b,#eeb211,
Albany State Golden Rams,#0039a6,#eaab00,
Alberta Golden Bears,#284e36,#f9b117,
Albertus Magnus Falcons,#003da5,#c1c6c8,
Albion Britons,#512d6d,#eaaa00,
Albright Lions,#ba0c2f,#010101,
Alcorn State Braves,#46166a,#e9a713,
Alderson Broaddus Battlers,#003865,#ffb81c,#888b8d
Alfred Saxons,#550d8a,#f5aa01,
Alice Lloyd Eagles,#003865,#010101,
Allegheny Gators,#0c2340,#ffc72c,
Allen Yellow Jackets,#ffd100,#004c97,
Alma Scots,#862633,#010101,
Alvernia Golden Wolves,#9b2743,#eaaa00,#c8c9c7
Alverno Inferno,#010101,#e4002b,
America East Conference,#1d2247,#32b7e6,
American Athletic Conference,#041e41,#e2231a,
American Eagles,#005099,#c4122e,
American International Yellow Jackets,#000000,#ffb60f,
American Midwest Conference,#003893,#d81e05,
American University of Beirut,#ee3524,#008a5e,
Amherst Mammoths,#3f1f69,,
Anderson Ravens,#fe5000,#010101,
Anderson Trojans,#010101,#8c714c,
Angelo State Rams,#245397,#f0c33b,
Anna Maria Amcats,#8a1538,#000000,
Antelope Valley Pioneers,#001a72,#ba0c2f,
Appalachian State Mountaineers,#222222,#ffcc00,
Apprentice Builders,#7d2248,#010101,#8c714c
Aquinas Saints,#76232f,#c8c9c7,
Arcadia Knights,#9d2235,#a2aaad,
Arizona Christian Firestorm,#da291c,#f1b434,
Arizona State Sun Devils,#7d2248,#ffc72c,
Arizona Wildcats,#ab0520,#0c234b,
Arkansas Razorbacks,#a41f35,,
Arkansas State Red Wolves,#cc092f,#000000,
Arkansas Tech Wonder Boys,#00533e,#ffce00,
Arkansas-Pine Bluff Golden Lions,#000000,#eeb310,
Arkansas–Fort Smith Lions,#002d56,#980038,
Arkansas–Monticello Boll Weevils,#00965e,#000000,
Armstrong State Pirates,#6b212a,#ffc400,
Army Black Knights,#2c2a29,#d3bc8d,
Asbury Eagles,#3c1053,#010101,
Ashland Eagles,#5c068c,#ffc72c,
Assumption Greyhounds,#005b99,#919693,
Ateneo Blue Eagles,#003baf,,
Atlantic Coast Conference,#013ca6,#a5a9ab,
Atlantic Hockey Association,#12527e,#878c92,
Atlantic Sun Conference,#424449,#f3e500,
Auburn Tigers,#03244d,#f26522,
Auburn–Montgomery Warhawks,#000000,#f04e39,
Augsburg Auggies,#75263b,#747678,
Augusta Jaguars,#002f55,#a5acaf,
Augustana College Vikings,#002f6c,#ffd100,
Augustana University Vikings,#002d62,#ffdd00,
Aurora Spartans,#003591,#000000,
Austin Kangaroos,#9d2235,#c69214,
Austin Peay Governors,#ba0c2f,#000000,
Ave Maria Gyrenes,#0a2240,#00833e,
Averett Cougars,#0c2340,#ffb81c,
Avila Eagles,#48176d,#a29061,
Azusa Pacific Cougars,#990000,#000000,
BYU Cougars,#003da5,,
BYU–Hawaii Seasiders,#9e1b34,#aa800e,
Babson Beavers,#006644,#000000,
Bacone Warriors,#c8102e,#000000,
Baker Wildcats,#1e2d50,#f4761d,
Baldwin Wallace Yellow Jackets,#4e3629,#f1c400,
Ball State Cardinals,#ba0c2f,#000000,
Baltimore Super Bees,#007db6,#ffb81c,
Bard Raptors,#010101,#a2aaad,
Barry Buccaneers,#9d1c1f,#000000,
Barton Cougars,#0056b4,#b6985a,
Baruch Bearcats,#00263e,#8bb8e8,
Bates Bobcats,#b30838,#c4c6c8,
Bay Path Wildcats,#76232f,#010101,
Baylor Bears,#154734,#ffb81c,
Becker Hawks,#003087,,
Belhaven Blazers,#1d3c34,#ffd100,
Bellarmine Knights,#660000,#cccccc,
Bellevue Bruins,#523178,#daaa00,
Belmont Abbey Crusaders,#ba0c2f,#010101,
Belmont Bruins,#00205b,#c8102e,
Beloit Buccaneers,#cc8a00,#002855,
Bemidji State Beavers,#004d44,#000000,
Benedict Tigers,#4c145e,#f9d616,
Benedictine Eagles,#ba0c2f,#000000,
Benedictine Mesa Redhawks,#ba0c2f,#010101,
Benedictine Ravens,#231f20,#b30838,
Bentley Falcons,#000000,#1b5faa,
Berea Mountaineers,#004b87,,
Berkley Knights,#1d4289,#010101,
Berry Vikings,#00205b,#9ea2a2,
Bethany Bison,#115740,#010101,
Bethany Lutheran Vikings,#a6192e,#010101,
Bethany Swedes,#0035ad,#ffd100,
Bethel Pilots,#003da5,#b2b4b2,
Bethel Royals,#002f5f,#fdc900,
Bethel Threshers,#8a2432,#888b8d,
Bethel Wildcats,#5f249f,#f1c400,
Bethune–Cookman Wildcats,#6f263d,#f2a900,
Big 12 Conference,#ff4438,#c1c5c8,#000000
Big East Conference,#1a427d,#e41c39,
Big Sky Conference,#005daa,#70cde3,
Big South Conference,#0079c7,#ef7521,
Big Ten Conference,#0088ce,#000000,
Big West Conference,#010101,#a2aaad,
Binghamton Bearcats,#005a43,#000000,
Biola Eagles,#e51636,#000000,
Birmingham–Southern Panthers,#000000,#bd8c00,
Black Hills State Yellow Jackets,#006233,#ffc726,
Blackburn Battlin' Beavers,#e4002b,#010101,
Bloomfield Bears,#a4343a,#f3d03e,
Bloomsburg Huskies,#6e121e,#ffdd00,
Blue Mountain Toppers,#0c2340,#f0b323,
Bluefield Ramblin' Rams,#00205b,#c8102e,
Bluefield State Big Blues,#13294b,#b9975b,
Bluffton Beavers,#512d6d,#010101,
Bob Jones Bruins,#0c2340,#00a9e0,
Boise State Broncos,#0033a0,#fa4616,
Boston College Eagles,#8c2232,#dbcca4,
Boston University Terriers,#cc0000,#000000,
Bowdoin Polar Bears,#000000,,
Bowie State Bulldogs,#ffce00,#1d252c,
Bowl Season,#ba0c2f,#a89968,
Bowling Green Falcons,#4f2c1d,#ff7300,
Bradley Braves,#a50000,#000000,
Brandeis Judges,#002855,#c8c9c7,
Brenau Golden Tigers,#010101,#ebbc4e,
Brescia Bearcats,#004c97,#daaa00,
Brevard Tornadoes,#003a70,#010101,
Brewton–Parker Barons,#fe5000,#071d49,
Briar Cliff Chargers,#00205b,#f2a900,
Bridgeport Purple Knights,#440099,#010101,
Bridgewater Eagles,#9d2235,#89734c,
Bridgewater State Bears,#a6192e,#000000,
Brooklyn Bulldogs,#862041,#f1be48,
Brown Bears,#4e3629,#c00404,
Bryant Bulldogs,#231f20,#b09863,
Bryant Lions,#9d2235,#1d1f2a,
Bryn Athyn Lions,#ba0c2f,#000000,
Bryn Mawr Owls,#fedb00,#010101,
Bucknell Bison,#003865,#ef5b0c,
Buena Vista Beavers,#0c2340,#ffcd00,
Buffalo Bulls,#005bbb,,
Buffalo State Bengals,#cc6600,#000000,
Bushnell Beacons,#041e42,#ffcd00,
Butler Bulldogs,#13294b,#75787b,
CSU–Pueblo ThunderWolves,#00396a,#ad123a,
Cabrini Cavaliers,#00205b,,
Cairn Highlanders,#6f263d,#010101,
Cal Maritime Keelhaulers,#002855,#c99700,
Cal Poly Mustangs,#003831,#ffe395,
Cal Poly Pomona Broncos,#1e4d2b,#ffb81c,
Cal State Bakersfield Roadrunners,#003594,#ffc629,
Cal State Dominguez Hills Toros,#860038,#f0b310,
Cal State East Bay Pioneers,#d50032,#000000,
Cal State Fullerton Titans,#00274c,#ff7900,
Cal State Los Angeles Golden Eagles,#000000,#ffce00,
Cal State Monterey Bay Otters,#002a4e,#9e8b50,
Cal State Northridge Matadors,#ce1126,#000000,
Cal State San Bernardino Coyotes,#0065bd,#000000,
Cal State San Marcos Cougars,#007ac3,#35b7e9,
Cal Tech Beavers,#ff6720,#010101,
Caldwell Cougars,#c8102e,#89734c,
Calgary Dinos,#e30c00,#ffcc00,
California Baptist Lancers,#002554,#a37400,
California Golden Bears,#041e42,#ffc72c,
California Lutheran Kingsmen,#2e1a47,#f1c400,
California Vulcans,#da291c,#27251f,
Calumet Crimson Wave,#76232f,#545859,
Calvin Knights,#93282c,#f2cd00,
Cameron Aggies,#000000,#ffc425,
Campbell Fighting Camels,#1e252b,#ea7125,
Campbellsville Tigers,#862633,#b1b3b3,
Canisius Golden Griffins,#0e2756,#ffba00,
Capital Crusaders,#330072,#53565a,
Cardinal Stritch Wolves,#6c1d45,#a2aaad,
Carleton Knights,#0b5091,#f3b61d,
Carleton Ravens,#00000d,#e31936,
Carlisle Indians,#ae0f0b,#cfb53b,
Carlow Celtics,#3c1053,#f1c400,
Carnegie Tech Tartans,#990000,#464646,
Carroll Fighting Saints,#330072,#ceb888,
Carroll Pioneers,#e35205,#0c2340,
Carson–Newman Eagles,#ff6720,#0c2340,
Carthage Big Red,#c8102e,#010101,
Case Western Reserve Spartans,#0a304e,#626262,
Castleton Spartans,#00563b,#a4b3bb,
Catawba Indians,#049900,#c21630,
Catholic University Cardinals,#990000,#000000,
Cazenovia Wildcats,#00205b,#ffcd00,
Cedar Crest Falcons,#ffc72c,#010101,
Cedarville Yellow Jackets,#00263e,#f2a900,
Centenary Cyclones,#051c2c,#63666a,
Centenary Gentlemen,#8a2432,#000000,
Central Arkansas Bears,#582c83,#7c878e,
Central Baptist Mustangs,#003da5,#a6a6a6,
Central Christian Tigers,#003087,#ffb81c,
Central Collegiate Hockey Association,#143159,#d12030,
Central Connecticut Blue Devils,#1a4784,#c9ced1,
Central Dutch,#e4002b,#c8c9c7,
Central Florida Knights of Pegasus,#b3a369,#010101,
Central Methodist Eagles,#006341,#010101,
Central Michigan Chippewas,#6a0032,#ffc82e,
Central Missouri Mules,#cf202e,#000000,
Central Oklahoma Bronchos,#003366,#ffcc00,
Central State Marauders,#71273d,#ffcb00,
Central Washington Wildcats,#ab0032,#2c2a29,
Centre Colonels,#000000,#ffcc00,
Chadron State Eagles,#660033,#000000,
Chaminade Silverswords,#004990,#5e6e66,
Chapman Panthers,#862633,#a2aaad,
Charleston Golden Eagles,#992244,#ffd200,
Charleston Southern Buccaneers,#002855,#a89968,
Charlotte 49ers,#005035,#a49665,
Chatham Cougars,#735990,#a5aaa8,
Chattanooga Mocs,#00386b,#e0aa0f,
Chestnut Hill Griffins,#e4002b,#fed141,
Cheyney Wolves,#0d3e70,#231f20,
Chicago Maroons,#800000,,
Chicago State Cougars,#006666,#000000,
Chico State Wildcats,#952945,#aaaaab,
Chowan Hawks,#003087,#041e42,
Christian Brothers Buccaneers,#cc092f,#a49791,
Christopher Newport Captains,#0039a6,#84888b,
Cincinnati Bearcats,#e00122,#000000,
Citadel Bulldogs,#1f3a60,#4d90cd,
City College of New York Beavers,#7d55c7,#595959,#000000
Claflin Panthers,#000000,#cc3727,
Claremont McKenna Stags,#862633,#eaaa00,
Clarion Golden Eagles,#003366,#97824a,
Clark Atlanta Panthers,#ce1126,#000000,
Clark Cougars,#cc0000,#939598,
Clarke Pride,#0c2340,#ffcd00,
Clarks Summit Defenders,#003da5,#010101,#9ea2a2
Clarkson Golden Knights,#03522b,#ffd204,
Clayton State Lakers,#092c74,#fc6719,
Cleary Cougars,#9d2235,#0c2340,
Clemson Tigers,#f56600,#522d80,
Cleveland State Vikings,#006a4d,#000000,
Clinton Golden Bears,#010101,#9b2743,#eed484
Coastal Carolina Chanticleers,#006f71,#a27752,
Coastal Georgia Mariners,#0077c8,#003b5c,
Coe Kohawks,#93282c,#cba052,
Coker Cobras,#002855,#ffc72c,
Colby Mules,#002878,#e3d7d1,
Colby–Sawyer Chargers,#0085ca,#010101,
Colgate Raiders,#821019,#000000,
College Football Playoff,#000000,#c9920e,
College of Charleston Cougars,#76232f,#c5b783,
Colonial Athletic Association,#002469,#ba9e66,
Colorado A&M Aggies,#006a4d,#d9782d,
Colorado Buffaloes,#000000,#cfb87c,
Colorado Christian Cougars,#00416b,#fed925,
Colorado College Tigers,#000000,#efab1e,
Colorado Mesa Mavericks,#5d0022,#fed103,
Colorado Mines Orediggers,#21314d,#b2b4b3,
Colorado State Rams,#006a4d,#b3a369,
Colorado–Colorado Springs Mountain Lions,#000000,#cfb87c,
Columbia Cougars,#002855,#9ea2a2,
Columbia Fighting Koalas,#582c83,#888b8d,
Columbia Lions,#99caea,#183863,#000000
Columbus State Cougars,#003359,#c60c30,
Concord Mountain Lions,#862633,#768692,
Concordia Bulldogs,#002855,#898d8d,
Concordia Cardinals,#c8102e,#010101,
Concordia Cavaliers,#003e7e,,
Concordia Clippers,#001489,#ffcd00,
Concordia Cobbers,#7d0042,#ffcf46,
Concordia Cougars,#9d2235,#ffc72c,
Concordia Falcons,#005596,#faa634,
Concordia Golden Bears,#002f65,#deb407,
Concordia Golden Eagles,#004c23,#fdb724,
Concordia Tornados,#582c83,#fed141,
Conference Carolinas,#00205b,#ffb81c,
Conference USA,#003865,#a6192e,
Connecticut College Camels,#002f5f,#9ec3de,
Connecticut Huskies,#000e2f,#e4002b,
Converse Valkyries,#3c1053,#daaa00,
Coppin State Eagles,#003056,#ffc915,
Corban Warriors,#041e42,#f2a900,
Cornell Big Red,#b31b1b,#222222,
Cornell Rams,#523178,#010101,
Cornerstone Golden Eagles,#13294b,#d9c89d,
Cortland Red Dragons,#b91000,#000000,
Cottey Comets,#3a5dae,#fbdb65,
Cotton Bowl Classic,#263764,#fde71e,
Covenant Fighting Scots,#003da5,#002855,
Creighton Bluejays,#005ca9,#00235d,
Crowley's Ridge Pioneers,#115740,#010101,
Crown Storm,#3c1053,#75787b,
Culinary Institute of America Steels,#22693a,#cfac7f,
Culver–Stockton Wildcats,#003594,#010101,
Cumberland Phoenix,#98002e,#000000,
Cumberlands Patriots,#ba0c2f,#d0d3d4,#041e42
Curry Colonels,#462c8d,#000000,
D'Youville Saints,#b02424,#5b6770,
Daemen Wildcats,#0000ff,,
Dakota State Trojans,#004165,#00a9e0,
Dakota Wesleyan Tigers,#004c97,#c1c6c8,
Dallas Baptist Patriots,#0b1f2c,#c41230,
Dallas Crusaders,#003a70,,
Dalton State Roadrunners,#00263a,#5b6770,
Dartmouth Big Green,#00693e,#000000,
Davenport Panthers,#d5160c,#000000,
Davidson Wildcats,#d02139,#000000,
Davis & Elkins Senators,#c8102e,#010101,
Davis Falcons,#5f249f,#010101,
Dayton Flyers,#002f87,#d70036,
De La Salle Green Archers,#00703c,,
DePaul Blue Demons,#054696,#e4002b,
DePauw Tigers,#111c24,#ffcf01,
DeSales Bulldogs,#ba0c2f,#002855,
Dean Bulldogs,#862633,#010101,
Defiance Yellow Jackets,#512d6d,#f3dd6d,
Delaware Fightin' Blue Hens,#00539f,#ffd200,
Delaware State Hornets,#ee3124,#0099cc,
Delaware Valley Aggies,#215732,#010101,
Delta State Statesmen,#00753e,#000000,
Denison Big Red,#a6192e,#010101,
Denver Pioneers,#8b2332,#8b6f4b,
Detroit Mercy Titans,#a6093d,#002d72,
Dickenson Red Devils,#da291c,#010101,
Dickenson State Blue Hawks,#002d72,#c0c0c0,
Dillard Bleu Devils,#003594,#b2b4b2,
District of Columbia Firebirds,#76232f,#f1be48,
Doane Tigers,#ff7900,#000000,
Dominican Chargers,#010101,#c8102e,
Dominican Penguins,#000000,#ffb81d,
Dominican Stars,#002855,#010101,
Dort Defenders,#010101,#c69214,
Drake Bulldogs,#003b73,#b2b4b3,
Drew Rangers,#0c2340,#154734,
Drexel Dragons,#07294d,#ffc600,
Drury Panthers,#e31837,#6a737b,
Dubuque Spartans,#002d72,#999999,
Duke Blue Devils,#013088,,
Duquesne Dukes,#041e42,#ba0c2f,
ECAC Hockey,#005189,#d40843,
Earlham Quakers,#861f41,,
East Carolina Pirates,#582c83,#ffc72c,
East Central Tigers,#000000,#ff5200,
East Stroudsburg Warriors,#db0436,#000000,
East Tennessee State Buccaneers,#041e42,#ffc72c,
East Texas Baptist Tigers,#081f2c,#ecbc00,
Eastern Arizona Gila Monsters,#340265,,
Eastern Connecticut Warriors,#0c2340,#76232f,
Eastern Eagles,#6f2c3f,#5b6770,
Eastern Illinois Panthers,#003399,#b2b2b2,
Eastern Kentucky Colonels,#4c151e,#b5b5b5,
Eastern Mennonite Royals,#0057b7,#010101,
Eastern Michigan Eagles,#046a38,,
Eastern Nazarene Lions,#bf0d3e,#010101,
Eastern New Mexico Greyhounds,#006633,#a7a9ac,
Eastern Oregon Mountaineers,#002855,#b3a369,
Eastern Washington Eagles,#b7142e,#000000,
Eckerd Tritons,#4f868e,#00205b,#000000
Edgewood Eagles,#9d2235,#010101,
Edinboro Fighting Scots,#bb131a,#808080,
Edward Waters Tigers,#772583,#e87722,
Elizabeth City State Vikings,#0032a0,#ba0c2f,
Elizabethtown Blue Jays,#004c97,#c8c9c7,
Elmhurst Bluejays,#0c2340,#00a3e0,
Elmira Soaring Eagles,#3f1e6b,#86754d,#f1cd44
Elms Blazers,#154734,#89764b,
Elon Phoenix,#73000a,#b59a57,
Embry–Riddle Eagles,#00549a,#ffcd4d,
Emerson Lions,#2e008b,#ffc72c,
Emmanuel Lions,#f2a900,#862633,#000000
Emmanuel Saints,#0047bb,#ffcd00,
Emory & Henry Wasps,#1b3d75,#d5ad28,
Emory Eagles,#002878,#d28e00,
Emporia State Hornets,#231f20,#bb8d0a,
Endicott Gulls,#00325b,#007c5a,
Erskine Flying Fleet,#9c1c1f,#ffd65d,
Eureka Red Devils,#862633,#ac8400,
Evangel Valor,#75243d,#98988f,
Evansville Purple Aces,#4c2683,#f68b1f,
Evergreen State Geoducks,#046a38,#010101,
FEU Tamaraws,#006400,#ffd700,
FIU Panthers,#081e3f,#b6862c,
Fairfield Stags,#e0143e,#231f20,
Fairleigh Dickinson Devils,#002f6c,#9d2235,
Fairleigh Dickinson Knights,#b30838,#005596,
Fairmont State Fighting Falcons,#6f263d,#75787b,
Farmingdale State Rams,#004c45,#010101,
Faulkner Eagles,#0032a0,#bbbcbc,
Fayetteville State Broncos,#0067b1,#b0b7bc,
Felican Golden Falcons,#3e4827,#fedb00,
Ferris State Bulldogs,#ba0c2f,#ffd043,
Ferrum Panthers,#010101,#998542,
Fiesta Bowl,#d91a32,#ffde00,
Findlay Oilers,#000000,#f47920,
Finlandia Lions,#0060a9,#c0c2c4,#48484a
Fisher Falcons,#0c2340,#a2aaad,
Fisk Bulldogs,#002d72,#f0b323,
Fitchburg State Falcons,#00563f,#e9af2f,
Five Towns Sound,#7a1128,#010101,
Flagler Saints,#a52238,#f4811f,
Florida A&M Rattlers,#008344,#f4811f,
Florida Atlantic Owls,#003366,#cc0000,
Florida Falcons,#c8102e,#010101,
Florida Gators,#003087,#fa4616,
Florida Gulf Coast Eagles,#004785,#00794c,
Florida Memorial Lions,#003da5,#fe5000,
Florida National Conquistadors,#9d2235,#046a38,
Florida Southern Moccasins,#0060a9,#e03a3e,
Florida State Seminoles,#782f40,#ceb888,
Florida Tech Panthers,#770000,#9da0a0,
Fontbonne Griffins,#250e62,#ffb81c,
Fordham Rams,#700429,#838070,
Fort Hays State Tigers,#000000,#fdb913,
Fort Lewis Skyhawks,#000066,#ffcc33,
Fort Valley State Wildcats,#003087,#eaaa00,
Fort Wayne Mastodons,#003f87,#9b9b9c,
Framingham State Rams,#ebab00,#000000,
Francis Marion Patriots,#193a80,#bb1a1a,
Franciscan Fighting Barons,#2c5234,#998542,
Franklin & Marshall Diplomats,#0035ad,#73cfff,
Franklin Grizzlies,#ffd100,#001e60,
Franklin Pierce Ravens,#a91938,#6d6e71,
Freed–Hardeman Lions,#6f2c3f,#ffcd00,
Fresno Pacific Sunbirds,#001f55,#fc5d00,
Fresno State Bulldogs,#c41230,#13284c,
Friends Falcons,#ab0635,#444f51,
Frostburg State Bobcats,#ba0c2f,#010101,
Furman Paladins,#582c83,#a7a8aa,
Gallaudet Bison,#002a5c,#cfab7a,
Gannon Golden Knights,#960a2c,#f9a72b,
Gardner–Webb Runnin' Bulldogs,#a6192e,#000000,
Geneva Golden Tornadoes,#89734c,#010101,
George Fox Bruins,#081e3f,#bc9c16,
George Mason Patriots,#006633,#ffcc33,
George Washington Colonials,#00264a,#e5d19d,#fffffe
Georgetown Hoyas,#041e42,#afa9a0,
Georgetown Tigers,#000000,#ff6600,
Georgia Bulldogs,#ba0c2f,#000000,
Georgia College Bobcats,#003399,#006633,
Georgia Gwinnett Grizzlies,#006341,#a2aaad,
Georgia Southern Eagles,#041e42,#a99260,
Georgia Southwestern State Hurricanes,#1c3f7b,#c69e29,
Georgia State Panthers,#0039a6,#cc0000,
Georgia Tech Yellow Jackets,#b3a369,#003057,#000000
Georgian Court Lions,#06038d,#c69214,
Gettysburg Bullets,#e87722,#002f6c,
Glenvile State Pioneers,#003da5,#010101,
Goldey–Beacom Lightning,#0c2340,#cba052,
Gonzaga Bulldogs,#041e42,#c8102e,
Gordon Fighting Scots,#003882,#00ffff,
Goshen Maple Leafs,#582c83,#010101,
Goucher Gophers,#003da5,#ffd100,
Governors State Jaguars,#010101,#e57200,
Grace Lancers,#e4002b,#010101,
Graceland Yellowjackets,#00275c,#ffcb0b,
Grambling State Tigers,#000000,#ecaa00,
Grand Canyon Antelopes,#522398,#000000,
Grand Valley State Lakers,#0033a0,#000000,
Grand View Vikings,#ba0c2f,#010101,
Grantham Talons,#003366,#d7d7d7,
Great American Conference,#002b5c,#b5121b,
Great Lakes Intercollegiate Athletic Conference,#1d3d66,#5c8dc6,
Great Midwest Athletic Conference,#005288,#000000,
Great Plains Athletic Conference,#670000,#bdb193,
Green Bay Phoenix,#006a4d,#183029,
Greensboro Pride,#007a53,#8d9093,
Greenville Panthers,#e35205,#010101,
Grinnell Pioneers,#000000,#da291c,
Grove City Wolverines,#da291c,,
Guilford Quakers,#862633,#d9d9d9,
Gulf South Conference,#000000,#cf0a2c,
Gustavus Adolphus Gusties,#000000,#ffcf00,
Gwynedd Mercy Griffins,#bf0d3e,#ffb81c,
Hamilton Continentals,#002f86,#d6ba8b,
Hamline Pipers,#95021e,#bfb9b6,
Hampden–Sydney Tigers,#9d183d,#b1b7bb,
Hampton Pirates,#265198,#a0a0a2,
Hanibal–Lagrange Trojans,#a72b2a,#002855,
Hanover Panthers,#a6192e,#003087,
Harding Bisons,#000000,#cbb778,
Hardin–Simmons Cowboys,#581483,#ffc72c,
Harris–Stowe Hornets,#453536,#ffb81c,
Hartford Hawks,#c02427,#000000,
Hartwick Hawks,#0033a1,#000000,
Harvard Crimson,#a31f36,#2c2a29,
Harvey Mudd Stags,#862633,#eaaa00,
Haskell Indian Nations Fightin' Indians,#470a68,#ffb81c,
Hastings Broncos,#9d2235,#010101,
Haverford Fords,#9d2235,#000000,
Hawaii Pacific Sharks,#007298,#71b1c8,
Hawaii Rainbow Warriors,#024731,#000000,
Hawaii–Hilo Vulcans,#d81e05,#000000,
Heart of America Athletic Conference,#002d72,#e8000d,
Heidelberg Student Princes,#fa4616,#c8102e,
Henderson State Reddies,#a91d36,#000000,
Hendrix Warriors,#010101,#e87722,
High Point Panthers,#330072,#818183,
Hilbert Hawks,#0071ce,#ffc629,
Hillsdale Chargers,#004678,#abadbc,
Hiram Terriers,#003a70,#8a1538,
Hobart Statesmen,#472663,#ff6418,
Hockey East Association,#003882,,
Hofstra Pride,#003591,#fdc82f,
Hollins University,#006747,#ffcd00,
Holy Cross Crusaders,#602d89,#aeb2b5,
Holy Cross Saints,#651c32,#768692,
Holy Family Tigers,#00a3e0,#010101,
Holy Names Hawks,#c70021,#b0b0b0,
Hood Blazers,#236192,#a59c94,
Hope Flying Dutchmen,#e35205,#0c2340,
Hope International Royals,#001489,#a7a8a9,
Houghton Highlanders,#2e1a47,#b3a369,
Houston Christian Huskies,#002f87,#ff4e00,
Houston Cougars,#c92a39,#b8b9b7,
Houston–Victoria Jaguars,#da291c,#010101,
Howard Bison,#003a63,#e31837,
Howard Payne Yellow Jackets,#00205b,#fed141,
Humboldt State Lumberjacks,#046a38,#ffc72c,
Hunter Hawks,#2e008b,#ffc72c,
Huntingdon Foresters,#115740,#010101,
Huntingdon Hawks,#c8102e,#bbbcbc,
Husson Eagles,#004c45,#a89968,
Huston–Tillotson Rams,#651c32,#ffd100,
Hutchinson Blue Dragons,#d9293e,#004693,
IUP Crimson Hawks,#9e1b32,#a2a5a4,
IUPUI Jaguars,#990000,#f1be48,
Idaho State Bengals,#f47920,#000000,#000000
Idaho Vandals,#f1b300,#808080,#000000
Illinois College Blueboys,#004a77,#828a93,
Illinois Fighting Illini,#13294b,#e84a27,
Illinois State Redbirds,#ce142b,#000000,
Incarnate Word Cardinals,#cb333b,#000000,
Independence Bowl,#211747,#ab2328,
Indiana Hoosiers,#990000,#edebeb,
Indiana State Sycamores,#0c4c91,#d0d0ce,
Indiana Tech Warriors,#fa4616,#000000,
Indianapolis Greyhounds,#9d2136,#c0bfba,
Iona Gaels,#661e2b,#eaaf0f,
Iowa Hawkeyes,#000000,#fcd116,
Iowa State Cyclones,#822433,#fdca2f,
Ithaca Bombers,#003b71,#ffbb00,#9c9c9c
Ivy League,#01563f,,
Jackson State Tigers,#002147,#898d8d,
Jacksonville Dolphins,#004e42,#c5b783,
Jacksonville State Gamecocks,#cc0000,#000000,
James Madison Dukes,#450084,#cbb677,
John Carroll Blue Streaks,#28334a,#b9975b,
Johns Hopkins Blue Jays,#68ace5,#000000,#000000
Johnson & Wales Wildcats,#004680,#eaaa00,
Johnson C. Smith Golden Bulls,#002d56,#ffcf01,
Kansas City Roos,#004b87,#ffc72c,
Kansas Jayhawks,#0051ba,#e8000d,
Kansas State Wildcats,#330a57,#a7a9ac,
Kansas Wesleyan Coyotes,#5a2a82,#fec524,
Kean Cougars,#003057,#7c878e,
Keene State Owls,#c60c30,#000000,
Kennesaw State Owls,#0b1315,#fdbb30,
Kent State Golden Flashes,#002664,#efab00,
Kentucky State Thorobreds,#046a38,#ffd100,
Kentucky Wildcats,#0033a0,#c8c9c7,
King's Monarchs,#cc0033,#000000,#ffcd00
Kutztown Golden Bears,#782f40,#a49473,
LIU Brooklyn Blackbirds,#231f20,#8a8d8f,
LIU Post Pioneers,#0e553f,#edaa00,
LIU Sharks,#69b3e7,#ffc72c,#000000
LSU Tigers,#461d7c,#fdd023,
La Salle Explorers,#003057,#f1c400,
Lafayette Leopards,#910029,#000000,
Lake Erie Storm,#113d2a,#000000,
Lake Forest Foresters,#c8102e,#8b784a,#000000
Lake Superior State Lakers,#003f87,#ffc61e,
Lamar Cardinals,#e31937,#000000,
Lander Bearcats,#235782,#f8e463,
Lane Dragons,#000080,#990000,
Langston Lions,#1b3668,#f2682a,
Lawrence Vikings,#003d6a,#231f20,
Le Moyne Dolphins,#00452a,#fff30d,
LeMoyne–Owen Magicians,#421383,#988344,
Lebanon Valley Flying Dutchmen,#00305c,#b2b4b3,
Lee Flames,#0d233f,#6f263d,
Lehigh Mountain Hawks,#653819,#c2a875,
Lewis Flyers,#ed174d,#000000,
Liberty Flames,#0a254e,#990000,
Limestone Saints,#0033a1,#fde021,
Lincoln Blue Tigers,#211c41,#929396,
Lincoln Memorial Railsplitters,#002461,#d1d1cc,
Lindenwood Lions,#000000,#dcd087,
Lipscomb Bisons,#331e54,#f4aa00,
Little Rock Trojans,#6e2639,#a7a9ac,
Lock Haven Bald Eagles,#7a0026,#231f20,
Lone Star Conference,#002169,#e1251b,
Long Beach State Beach,#000000,#ecaa00,
Longwood Lancers,#041e42,#9ea2a2,
Louisiana Tech Bulldogs,#003087,#cb333b,
Louisiana Tech Lady Techsters,#69b3e7,#cb333b,
Louisiana–Lafayette Ragin' Cajuns,#ce181e,#0a0203,
Louisiana–Monroe Warhawks,#840029,#fdb913,
Louisville Cardinals,#c9001f,#000000,
Lourdes Gray Wolves,#b94700,#000000,
Loyola Greyhounds,#00694e,#cacac8,
Loyola Marymount Lions,#ab0c2f,#0076a5,
Loyola Ramblers,#582931,#fdb913,
Loyola Wolf Pack,#660000,#f4aa00,
Lubbock Christian Chaparrals,#10147e,#f20017,
MIT Engineers,#a31f34,#8a8b8c,#c2c0bf
MSOE Raiders,#ba122b,#000000,
Macalester Scots,#01426a,#d44420,
Maine Black Bears,#003263,#b0d7ff,
Malone Pioneers,#003e7e,#c41230,
Manhattan Jaspers,#00703c,#a39161,
Manhattanville Valiants,#a60438,#000000,
Manitoba Bisons,#562e18,#b6985e,
Mansfield Mountaineers,#d3103e,#231f20,
Marian Knights,#031e51,#fdb813,
Marian Sabres,#003da5,#000000,
Marist Red Foxes,#c8102e,#231f20,
Marquette Golden Eagles,#003366,#ffcc00,
Marshall Thundering Herd,#00b140,#231f20,
Martin Methodist RedHawks,#a6192e,#a28e2a,
Mary Marauders,#00539b,#f58426,
Maryland Eastern Shore Hawks,#822433,#8b8d8e,
Maryland Terrapins,#e21833,#ffd200,
Maryville Saints,#c8102e,#2c2a29,
Massachusetts College of Liberal Arts Trailblazers,#25408f,#a3b86a,
Massachusetts Maritime Academy Buccaneers,#002066,#ffd527,
McDaniel Green Terror,#00674d,#f6d016,
McGill Redbirds,#cd202c,#000000,
McKendree Bearcats,#470a68,#b7970c,
McNeese State Cowboys,#00529b,#ffd204,
McPherson Bulldogs,#cc0000,#000000,
Memphis Tigers,#004991,#8e908f,
Mercer Bears,#000000,#cb5307,
Mercyhurst Lakers,#0f4f44,#171e3a,
Merrimack Warriors,#003768,#f1c400,
Metro Atlantic Athletic Conference,#004fa3,#e03a3e,
Metro State Roadrunners,#00447c,#d11242,
Miami Hurricanes,#005030,#f05a00,
Miami RedHawks,#b61e2e,#000000,
Michigan State Spartans,#173f35,,
Michigan Tech Huskies,#000000,#ffcd00,
Michigan Wolverines,#00274c,#ffcb05,
Mid-America Intercollegiate Athletics Association,#003e7e,#d21242,
Mid-American Conference,#0c2950,#00a363,
MidAmerica Nazarene Pioneers,#071d49,#bf0d3e,
Middle Tennessee State Blue Raiders,#0066cc,#000000,
Middlebury Panthers,#003882,,
Midwestern State Mustangs,#862633,#eaaa00,
Miles Golden Bears,#580d69,#e2d000,
Millersville Marauders,#000000,#eeb111,
Millsaps Majors,#330066,#cccccc,
Milwaukee Panthers,#222222,#ffb81c,
Minnesota Golden Gophers,#5b0013,#ffb71e,
Minnesota Intercollegiate Athletic Conference,#006241,#009bde,
Minnesota Morris Cougars,#8c1919,#e19b14,
Minnesota State Mavericks,#480059,#f7e400,
Minnesota State–Moorhead Dragons,#a6192e,#2d2926,
Minnesota–Crookston Golden Eagles,#7a0019,#ffcc33,
Minnesota–Duluth Bulldogs,#7a0019,#ffcc33,
Minot State Beavers,#006341,#cc0033,
Mississippi College Choctaws,#003057,#f2a900,
Mississippi State Bulldogs,#5d1725,,
Mississippi Valley State Delta Devils,#046a38,#c8102e,
Missouri S&T Miners,#154734,#ceb888,
Missouri Southern Lions,#00693e,#f5cf47,
Missouri State Bears,#5e0009,#0a141e,
Missouri Tigers,#000000,#f1b82d,
Missouri Valley Conference,#df3742,#003876,
Missouri Western Griffons,#000000,#ffc700,
Monmouth Hawks,#041e42,#a5a9ad,
Montana Grizzlies,#660033,#999999,
Montana State Billings Yellowjackets,#002f5f,#f0b310,
Montana State Bobcats,#00205b,#bf995b,
Montana Tech Orediggers,#315338,#995339,
Montevallo Falcons,#49176d,#ffc423,
Morehead State Eagles,#005eb8,#ffcf00,
Morehouse Maroon Tigers,#891e31,#000000,
Morgan State Bears,#002d74,#ff4e00,
Morrisville State Mustangs,#004730,#00966c,
Mount Mercy Mustangs,#003768,#ffdd00,
Mount St. Mary's Mountaineers,#002f6c,#84754e,
Mount Union Purple Raiders,#661c78,#000000,
Mountain Pacific Sports Federation,#005696,#f68e1e,
Mountain West Conference,#4f2d7f,#afafaf,
Murray State Racers,#16243a,#fbc01c,
Music City Bowl,#131c43,#6eabdd,
NAIA,#004990,#d52130,
NC State Wolfpack,#cc0000,#000000,
NCAA Division I,#009cde,#000000,
NCAA Division II,#009cde,#000000,
NJIT Highlanders,#cc0000,#071d49,
NU Bulldogs,#373c96,#d9b638,
NYIT Bears,#242c39,#f2af31,
NYU Violets,#57068c,#000000,
National Collegiate Hockey Conference,#b5121b,#002b54,
Navy Midshipmen,#00225b,#b4a67c,
Nazareth Golden Flyers,#4b375e,#d4a66d,
Nebraska Cornhuskers,#e41c38,#fdf2d9,
Nebraska–Kearney Lopers,#004d86,#e4a115,
Neumann Knights,#003466,#ffd102,
Nevada Wolf Pack,#041e42,#74767b,
New England College Pilgrims,#000f30,#a0a5a8,
New England Nor'easters,#003882,#000000,
New Hampshire Wildcats,#041e42,#bbbcbc,
New Haven Chargers,#004b8d,#ffc425,
New Mexico Highlands Cowboys,#502d7f,#b2b5b6,
New Mexico Lobos,#ba0c2f,#a7a8aa,
New Mexico State Aggies,#891216,#cccccc,
New Orleans Privateers,#005ca6,#a3a9ad,
Newman Jets,#051c48,#b32d33,
Niagara Purple Eagles,#582c83,#c7c8ca,
Nicholls State Colonels,#c41230,#b2b2b2,
Nichols Bison,#000000,#007a5f,
Norfolk State Spartans,#007b5e,#fab80a,
North Alabama Lions,#46166b,#b4a76c,
North Carolina A&T Aggies,#004684,#fdb927,
North Carolina Central Eagles,#862633,#898d8d,
North Carolina Tar Heels,#7bafd4,#13294b,
North Dakota Fighting Hawks,#009a44,#000000,
North Dakota State Bison,#005643,#ffc82e,
North Florida Ospreys,#00246b,#d9d9d9,
North Georgia Nighthawks,#002f87,#ffc82e,
North Greenville Crusaders,#000000,#d60036,
North Texas Mean Green,#00853e,#000000,
Northeast Conference,#006ba3,#231f20,
Northeastern Huskies,#d41b2c,#000000,
Northeastern State RiverHawks,#008265,#999999,
Northern Arizona Lumberjacks,#003466,#ffd200,
Northern Colorado Bears,#013c65,#f6b000,
Northern Illinois Huskies,#ba0c2f,#27251f,
Northern Iowa Panthers,#4b116f,#ffcc00,
Northern Kentucky Norse,#000000,#ffc82e,
Northern Michigan Wildcats,#095339,#ffc425,
Northern State Wolves,#990033,#ffcc66,
Northern Sun Intercollegiate Conference,#001561,#f8dc53,
Northland Lumberjacks,#dc4405,#003057,
Northwest Missouri State Bearcats,#006a4e,#babbbc,
Northwest Nazarene Nighthawks,#b51946,#000000,
Northwestern Oklahoma State Rangers,#000000,#cc092f,
Northwestern State Demons,#492f92,#f78426,
Northwestern Wildcats,#4e2a84,#000000,
Northwood Timberwolves,#093161,#0080c3,
Norwich Cadets,#87212e,#907c4b,
Notre Dame Fighting Irish,#0c2340,#c99700,
Notre Dame de Namur Argonauts,#003263,#dac792,
Nova Southeastern Sharks,#003893,#666d70,
Oakland Golden Grizzlies,#000000,#b59a57,
Oberlin Yeomen,#cf102d,#ffc72c,
Occidental Tigers,#000000,#ff671f,
Oglethorpe Stormy Petrels,#000000,#ffdd00,
Ohio Bobcats,#00694e,,
Ohio Dominican Panthers,#000000,#ffc72c,
Ohio State Buckeyes,#ce0f3d,#b0b7bc,
Ohio Valley Conference,#a51341,#d0a675,
Oklahoma Baptist Bison,#255f2b,#fcaf17,
Oklahoma Christian Eagles,#660000,#cccccc,
Oklahoma City Stars,#004b87,#000000,
Oklahoma Panhandle State Aggies,#001f5b,#cf0a2c,
Oklahoma Sooners,#841617,#ddcba4,
Oklahoma State Cowboys,#fe5c00,#000000,
Oklahoma Wesleyan Eagles,#002244,#fdb913,
Old Dominion Monarchs,#003767,#95999c,
Ole Miss Rebels,#14213d,#ce1126,
Omaha Mavericks,#000000,#d71920,
Oral Roberts Golden Eagles,#002462,#dac792,
Orange Bowl,#f47b2a,#003764,#000000
Oregon Ducks,#036936,#fee11a,
Oregon State Beavers,#d73f09,#000000,
Ottawa Braves,#000000,#ffbe29,
Ottawa Gee-Gees,#651d32,#a7a8aa,
Ouachita Baptist Tigers,#552988,#ffc627,
Pac-12 Conference,#004b91,#000007,
Pace Setters,#00337f,#ffc61e,
Pacific Tigers,#000000,#f47920,
Pacific West Conference,#4196b4,#000000,
Paine Lions,#59178a,,
Patriot League,#15366f,#ed192d,
Peach Bowl,#00549e,#e31837,
Penn Quakers,#011f5b,#990000,
Penn State Nittany Lions,#001e44,,
Pennsylvania State Athletic Conference,#003da5,#a2aaad,
Pepperdine Waves,#00205c,#ee7624,
Peru State Bobcats,#0d4d92,#d3d3d3,
Pittsburg State Gorillas,#cc0c2f,#fcd116,
Pittsburgh Panthers,#003594,#ffb81c,
Pittsburgh–Johnstown Mountain Cats,#1c2957,#cdb87d,
Plymouth State Panthers,#135841,#000000,
Point Loma Nazarene Sea Lions,#0e553f,#fdb827,
Point Skyhawks,#00407a,#fcc917,
Pomona College,#20438f,#cfd2aa,
Pomona-Pitzer Sagehens,#20438f,#f7941d,
Portland Pilots,#330072,,
Portland State Vikings,#154734,#a5acaf,
Post Eagles,#5e2750,#ff8200,
Prairie View Panthers,#4f2582,#fec325,
Presbyterian Blue Hose,#0060a9,#9d2235,
Princeton Tigers,#000000,#ff6000,
Providence Friars,#000000,#8a8d8f,
Purdue Boilermakers,#000000,#cfb991,
Purdue Fort Wayne Mastodons,#000000,#c28e0e,
Purdue–Northwest Pride,#000000,#e6d395,
Queens Knights,#00263e,#cb2c30,
Queens Royals,#00205b,#a89968,
Quincy Hawks,#581e00,#ffd457,
Quinnipiac Bobcats,#0a2240,#ffb819,
RIT Tigers,#f76902,#000000,
RPI Engineers,#e2231b,#222222,
Radford Highlanders,#c2011b,#d1d3d4,
Ramapo Roadrunners,#87212e,#000000,
Randolph–Macon Yellow Jackets,#000000,#f9dc30,
Regina Rams,#004f2e,#ffc82e,
Regis Rangers,#002b49,#f1c400,
Rhode Island Rams,#68abe8,#041e42,
Rice Owls,#00205b,#c1c6c8,
Richmond Spiders,#002b5e,#c32032,
Rider Broncs,#981e32,#6c6f70,
Riverside City Tigers,#000000,#ff5a00,
Rivier Raiders,#004c97,#c1c6c8,
Robert Morris Colonials,#14234b,#a6192e,
Rochester Yellowjackets,#003b71,#ffd100,
Rockhurst Hawks,#0046ad,#000000,
Rocky Mountain Athletic Conference,#00205c,#ffc629,
Roger Williams Hawks,#003d6e,#e0ad12,
Rogers State Hillcats,#002244,#b71234,
Rollins Tars,#0071ba,#facf00,
Rose Bowl Game,#e2231a,#007934,
Rowan Profs,#3f1a0a,#edd51c,
Rutgers Scarlet Knights,#cc0033,#000000,
Ryerson Rams,#002d72,#d9d9d9,
SIU Edwardsville Cougars,#cc0000,#000000,
SMU Mustangs,#cc0035,#354ca1,
SUNY Alfred Pioneers,#003c71,#ffcd00,
SUNY Brockport Golden Eagles,#00533e,#ffc726,
SUNY Canton Roos,#004b8d,#cfab7a,#00a160
SUNY Cobleskill Tigers,#fe5000,#010101,
SUNY Delhi Broncos,#2c5234,#ffc72c,
SUNY ESF Mighty Oaks,#046a38,#ffc72c,
SUNY Fredonia Blue Devils,#0033a0,#000000,
SUNY Geneseo Knights,#003896,#85888b,
SUNY New Paltz Hawks,#00205b,#0072ce,
SUNY Oneonta Red Dragons,#cb2c30,,
SUNY Oswego Lakers,#235937,#ffcc33,
SUNY Plattsburgh Cardinals,#c8102e,#000000,
SUNY Potsdam Bears,#8a1538,#a2aaad,
Sacramento State Hornets,#043927,#c4b581,
Sacred Heart Pioneers,#cd1041,#3c3c3c,
Saginaw Valley State Cardinals,#ac162a,#003663,
Saint Anselm Hawks,#143e5f,#ccd6dc,
Saint Benedict Blazers,#be0f34,#000000,
Saint Francis Red Flash,#bd1f25,#000000,
Saint John's Johnnies,#be0f34,#5a7e92,
Saint Joseph's Hawks,#9e1b32,#bcbdc0,
Saint Joseph's Pumas,#41136c,#7c1237,
Saint Leo Lions,#205c40,#f2a900,
Saint Louis Billikens,#003da5,#c8c9c7,
Saint Martin's Saints,#bf0c26,#000000,
Saint Mary Spires,#0c2340,#ffd100,
Saint Mary's Cardinals,#c8102e,#002855,
Saint Mary's Gaels,#06315b,#d80024,
Saint Michael's Purple Knights,#5e2278,#dacd96,
Saint Peter's Peacocks,#003c71,,
Saint Rose Golden Knights,#000000,#f9b50a,
Salem State Vikings,#1a3b8c,#dc6000,
Salve Regina Seahawks,#0069aa,#000000,
Sam Houston State Bearkats,#f56423,#000000,
Samford Bulldogs,#0c2340,#ba0c2f,
San Diego State Aztecs,#c41230,#000000,
San Diego Toreros,#003b70,#75bee9,
San Francisco Dons,#00543c,#fdbb30,
San Francisco State Gators,#52247f,#ffcc00,
San Jose State Spartans,#0038a8,#ffb81a,
Santa Clara Broncos,#862633,#000000,
Saskatchewan Huskies,#00693e,#000000,
Savannah State Tigers,#002294,#f24d17,
Scranton Royals,#4a245e,#000000,
Scripps College,#34715b,#000000,
Seattle Pacific Falcons,#7b1416,#000000,
Seattle Redhawks,#aa0000,#000000,
Seton Hall Pirates,#0060a9,#a7b1b7,
Seton Hill Griffins,#bf0033,#fcd06b,
Sewanee Tigers,#582c83,#ceb888,
Shippensburg Red Raiders,#002395,#e00034,
Shorter Hawks,#0068b3,#231f20,
Siena Saints,#006747,#ffc20f,
Simon Fraser Clan,#cc0633,,
Sioux Falls Cougars,#492f91,#000000,
Skidmore Thoroughbreds,#006a52,#ffd100,
Slippery Rock The Rock,#006951,#000000,
Sonoma State Seawolves,#003366,#99bfe6,
South Alabama Jaguars,#00205b,#bf0d3e,
South Carolina Gamecocks,#73000a,#000000,
South Carolina State Bulldogs,#841a2b,#1e4692,
South Carolina–Beaufort Sand Sharks,#002d62,#e0c398,
South Dakota Coyotes,#ad0000,#000000,
South Dakota Mines Hardrockers,#071d49,#b3a369,
South Dakota State Jackrabbits,#0032a0,#ffd100,
South Florida Bulls,#006747,#cfc493,
Southeast Missouri State Redhawks,#c8102e,#000000,
Southeastern Conference,#004b8d,#ffd046,
Southeastern Fire,#000000,#e31b23,
Southeastern Louisiana Lions,#215732,#ffc72c,
Southeastern Oklahoma State Savage Storm,#0033a0,#ffdd00,
Southern Arkansas Muleriders,#003da5,#ffd100,
Southern Conference,#001489,#da291c,
Southern Connecticut Owls,#001489,#97999b,
Southern Illinois Salukis,#660000,#000000,
Southern Indiana Screaming Eagles,#002856,#cf102d,
Southern Intercollegiate Athletic Conference,#0a2240,#65b2e8,
Southern Jaguars,#05356e,#ffc72c,
Southern Maine Huskies,#1e3b78,#ffcc00,
Southern Miss Golden Eagles,#000000,#ffd046,
Southern Nazarene Crimson Storm,#891717,#000000,
Southern New Hampshire Penmen,#1a326c,#fab20b,
Southern Oregon Raiders,#c8102e,#000000,
Southern Utah Thunderbirds,#e91d2d,#000000,
Southland Conference,#00264b,#ffb30d,
Southwest Baptist Bearcats,#4a217e,#c2c6c7,
Southwest Minnesota State Mustangs,#3a1807,#bcaa71,
Southwestern Moundbuilders,#8031a7,#000000,
Southwestern Oklahoma State Bulldogs,#1b365d,#888b8d,
Southwestern Pirates,#000000,#ffcc33,
Spring Hill Badgers,#49176d,,
Springfield Pride,#862633,,
St. Bonaventure Bonnies,#54261a,#fdb726,
St. Catherine Wildcats,#491a6a,#f7d465,
St. Cloud State Huskies,#a10209,#000000,
St. Edward's Hilltoppers,#002566,#998f4d,
St. Francis Brooklyn Terriers,#0038a8,#ce1126,
St. John's Red Storm,#c3002f,#011e41,
St. Lawrence Saints,#af1e2d,#4b2b23,
St. Mary's Rattlers,#004c97,#f2c75c,
St. Norbert Green Knights,#1a472b,#edbd3d,
St. Olaf Oles,#000000,#c7940d,
St. Scholastica Saints,#0033a0,#f1be48,
St. Thomas (Minnesota) Tommies,#500878,#97999b,
Stanford Cardinal,#8c1515,,
Stanislaus State Warriors,#e31b23,#bfb241,
Stephen F. Austin Lumberjacks,#5f259f,#b1b3b3,
Sterling Warriors,#00275d,#a9233e,
Stetson Hatters,#006747,#000000,
Stevenson Mustangs,#004e42,#000000,
Stillman Tigers,#16304b,#c5b358,
Stonehill Skyhawks,#2f2975,#000000,
Stony Brook Seawolves,#990000,#16243e,
Suffolk Rams,#142f53,#c6a141,
Sugar Bowl,#014b94,#fdb524,
Summit League,#003494,#7e868c,
Sun Belt Conference,#0a2240,#f6a800,
Sunshine State Conference,#0032a0,#ffb81c,
Swarthmore Garnet,#9d2235,#a2aaad,
Syracuse Orange,#d44500,#0c233f,
TCU Horned Frogs,#4d1979,,
Tabor Bluejays,#002d72,#ffcd00,
Tampa Spartans,#000000,#c8102e,
Tarleton State Texans,#4f2d7f,#000000,
Temple Leopards,#111820,#c6b748,
Temple Owls,#990033,#222222,
Tennessee State Tigers,#171796,#ff0504,
Tennessee Tech Golden Eagles,#4f2984,#ffdd00,
Tennessee Volunteers,#ff8200,#000000,
Texas A&M Aggies,#500000,,
Texas A&M International Dustdevils,#61162d,#cccccc,
Texas A&M–Commerce Lions,#0a2846,#edac09,
Texas A&M–Corpus Christi Islanders,#0067c5,#007f3e,
Texas A&M–Kingsville Javelinas,#005daa,#fcc01f,
Texas Longhorns,#bf5700,,
Texas Southern Tigers,#6f263d,#a2aaad,
Texas State Bobcats,#501214,#8d734a,
Texas Tech Red Raiders,#cc0000,#000000,
Texas Woman's Pioneers,#850928,#000000,
Texas–Arlington Mavericks,#0064b1,#f58025,
Texas–Pan American Broncs,#006600,#ff6600,
Texas–Permian Basin Falcons,#e35205,#000000,
Texas–Tyler Patriots,#002f6c,#cb6015,
Tiffin Dragons,#00623b,#fff14f,
Toledo Rockets,#003e7e,#ffd200,
Toronto Varsity Blues,#00204e,,
Towson Tigers,#000000,#ffbb00,
Transylvania Pioneers,#b20d35,#231f20,
Trine Thunder,#00305c,#c5b783,
Trinity Bantams,#00305c,#f7d117,
Trinity Tigers,#723130,#bbbcbc,
Troy Trojans,#6d0017,#b2b3b5,
Truman Bulldogs,#510c76,,
Tufts Jumbos,#3e8ede,#512c1d,
Tulane Green Wave,#006548,#3a8dde,
Tulsa Golden Hurricane,#003595,#ce0e2d,
Tuskegee Golden Tigers,#7b0707,#f2bd2c,
UAB Blazers,#1e6b52,#cdc26c,
UBC Thunderbirds,#002145,#f2a900,
UC Davis Aggies,#002855,#b3a369,
UC Irvine Anteaters,#0c2340,#ffc72c,
UC Merced Golden Bobcats,#072b31,#b3a369,
UC Riverside Highlanders,#003da5,#ffb81c,
UC San Diego Tritons,#182b49,#ffcd00,
UC Santa Barbara Gauchos,#004d9f,#ffb814,
UC Santa Cruz Banana Slugs,#0f1640,#e0a600,
UCF Knights,#000000,#b7a369,
UCLA Bruins,#2774ae,#f2a900,
UE Red Warriors,#ed2939,,
UHV Jaguars,#e81c18,#cca77c,
UIC Flames,#001e62,#d50032,
UIS Prairie Stars,#0c2340,#a89968,
UMBC Retrievers,#000000,#fdb515,
UMSL Tritons,#b5121b,#eeb211,
UMass Boston Beacons,#005a8b,#a0cfeb,
UMass Dartmouth Corsairs,#003764,#fec24d,
UMass Lowell River Hawks,#00549f,#cf202f,
UMass Minutemen,#881c1c,#27251f,
UNC Asheville Bulldogs,#003da5,#000000,
UNC Greensboro Spartans,#0f2044,#ffb71b,
UNC Pembroke Braves,#000000,#a67f31,
UNC Wilmington Seahawks,#006666,#ffd600,
UNLV Rebels,#cf0a2c,#cac8c8,
UP Fighting Maroons,#7b1113,#014421,
USC Aiken Pacers,#75263b,#002e62,
USC Trojans,#9d2235,#ffc72c,
USC Upstate Spartans,#00833e,#000000,
UST Growling Tigers,#fcbf15,#231f20,#000000
UT Martin Skyhawks,#0d223f,#f58220,
UTEP Miners,#041e42,#ff8200,
UTRGV Vaqueros,#f05023,#646469,
UTSA Roadrunners,#002244,#dd4814,
Union Bulldogs,#aa0c31,#231f20,
Union Dutchmen,#822433,,
Upper Iowa Peacocks,#0d1030,#689cd3,
Utah State Aggies,#00263a,#8a8d8f,
Utah Tech Trailblazers,#ba1c21,#002649,
Utah Utes,#cc0000,#000000,
Utah Valley Wolverines,#275d38,#000000,
Utica Pioneers,#0c223f,#e75200,
VCU Rams,#000000,#ffb300,
VMI Keydets,#ae122a,#ffd619,
Valdosta State Blazers,#cc0000,#000000,
Valparaiso Beacons,#381e0e,#ffcc00,
Vanderbilt Commodores,#000000,#cfae70,
Vermont Catamounts,#005710,#ffc20e,
Villanova Wildcats,#00205b,#13b5ea,
Virginia Cavaliers,#232d4b,#f84c1e,
Virginia Tech Hokies,#861f41,#e87722,
WPI Engineers,#ac2b37,#a9b0b7,
Wagner Seahawks,#004331,#cccccc,
Wake Forest Demon Deacons,#2c2a29,#ceb888,
Walsh Cavaliers,#6d0020,#b6985a,
Washburn Ichabods,#003a70,,
Washington & Jefferson Presidents,#000000,#a4343a,
Washington Huskies,#4b2e83,#b7a57a,
Washington State Cougars,#981e32,#53565a,
Washington University Bears,#a51417,#007360,
Washington and Lee Generals,#003399,,
Wayne State Warriors,#115e56,#c79316,
Wayne State Wildcats,#000000,#fbbf22,
Weber State Wildcats,#4b2682,#a1a1a4,
Wentworth Institute of Technology Leopards,#cf142b,#000000,#f7d417
Wesleyan Cardinals,#d72121,#000000,
West Alabama Tigers,#a6192e,#000000,
West Chester Golden Rams,#540e69,#faaa20,
West Coast Conference,#24cad2,#000000,#000000
West Florida Argonauts,#0072ce,#00af66,
West Georgia Wolves,#0033a1,#db1a21,
West Liberty Hilltoppers,#000000,#ffcd33,
West Texas A&M Buffaloes,#581818,#000000,
West Virginia Mountaineers,#002855,#eaaa00,
West Virginia State Yellow Jackets,#000000,#c99700,
Western Athletic Conference,#98002e,#d9d4cc,
Western Carolina Catamounts,#592c88,#b9975b,
Western Colorado Mountaineers,#a71930,#565a5c,
Western Illinois Leathernecks,#663399,#ffcc00,
Western Kentucky Hilltoppers,#b01e24,#000000,
Western Michigan Broncos,#532e1f,#f1c500,
Western Mustangs,#512888,#63666a,
Western New England Golden Bears,#003082,#e6b012,
Western New Mexico Mustangs,#42196f,#febe10,
Western Oregon Wolves,#e31837,#231f20,
Western Washington Vikings,#0e2b58,#7898c9,
Westfield State Owls,#00247d,#8e774d,
Westminster Griffins,#380e56,#bc9b6b,
Wichita State Shockers,#27251f,#ffcd00,
Widener Pride,#0057b8,#ffc845,
Wilkes Colonels,#002855,#ffcd00,
Willamette Bearcats,#98002e,#b39d6e,
William & Mary Tribe,#115740,#f0b323,
William Carey Crusaders,#d01144,#000000,
William Jewell Cardinals,#cc0033,#231f20,
William Smith Herons,#00593d,,
Williams Ephs,#512698,#fdcc09,
Wilmington Quakers,#024e43,#7ab800,
Windsor Lancers,#005596,#ffce00,
Winona State Warriors,#4b08a1,#ffcc33,
Winston-Salem State Rams,#c8102e,#000000,
Winthrop Eagles,#660000,#f0b323,
Wisconsin Badgers,#c4012f,#000000,
Wisconsin Intercollegiate Athletic Conference,#002f87,#ea0029,
Wisconsin–Eau Claire Blugolds,#2b3e85,#edac1a,
Wisconsin–La Crosse Eagles,#830019,#969799,
Wisconsin–Oshkosh Titans,#000000,#ffcc00,
Wisconsin–Parkside Rangers,#004631,#213629,
Wisconsin–Platteville Pioneers,#ff5800,#0047ba,
Wisconsin–River Falls Falcons,#c80f2e,#000000,
Wisconsin–Stevens Point Pointers,#59178a,#fcc917,
Wisconsin–Stout Blue Devils,#012169,#000000,
Wisconsin–Superior Yellowjackets,#000000,#fcd647,
Wisconsin–Whitewater Warhawks,#502d7f,#babcbe,
Wofford Terriers,#000000,#886e4c,
Worcester State Lancers,#003896,#f0e07d,
Wright State Raiders,#046a38,#cba052,
Wyoming Cowboys,#492f24,#ffc425,
Xavier Musketeers,#0c2340,#9ea2a2,
Yale Bulldogs,#0a2240,,
York Panthers,#005eb8,#000000,
Young Harris Mountain Lions,#260053,#c7c6c9,
Youngstown State Penguins,#c8102e,#000000,